"","Sample_Name2","Site","date","Time","Week","plot","treatment","sample_nc","filt045_ml","filt022_ml","pH","EC","TDS","Temp.","WaterLevel..cm.","Comment","PRO_dada2_input","PRO_dada2_prop","PRO_STD_all","PRO_NonSTD_all","PRO_STD_prop","PRO_STD_r2","PRO_STD_coef","PRO_dna_copy_sum","ITS_dada2_input","ITS_dada2_prop","ITS_STD_all","ITS_NonSTD_all","ITS_STD_prop","ITS_STD_r2","ITS_STD_coef","ITS_dna_copy_sum","COI_dada2_input","COI_dada2_prop","COI_STD_all","COI_NonSTD_all","COI_STD_prop","COI_STD_r2","COI_STD_coef","COI_dna_copy_sum","EUK_dada2_input","EUK_dada2_prop","EUK_STD_all","EUK_NonSTD_all","EUK_STD_prop","EUK_STD_r2","EUK_STD_coef","EUK_dna_copy_sum"
"S001","S001","Ogura","2017-05-19","15:00",0,"P01","NF","sample",30,30,6.75,0.18,0.09,29.3,"Med","From west point",35628,0.899825979566633,20572,11487,0.641691880595153,0.987056789572313,0.228967547169811,167228.939093289,59,0.610169491525424,17,19,0.472222222222222,0.950792269646455,0.0216037735849057,2931.58660844251,24345,0.981638940234134,14001,9897,0.585864925935225,0.888350307584232,150.365278592375,219.399054813928,56307,0.96760615909212,39854,14629,0.73149422755722,0.992962174243111,21.5311006585136,2264.78590698762
"S002","S002","Ogura","2017-05-31","9:10",1,"P01","NF","sample",100,30,6.5,0.21,0.11,29.2,"Med","",22789,0.894861556013866,7457,12936,0.365664688863826,0.976758571138922,0.0856762264150944,503290.140150288,4629,0.682652840786347,1394,1766,0.441139240506329,0.986071860907136,1.79433962264151,3280.68699614441,79668,0.971331023748557,9751,67633,0.126007960301871,0.95198353504372,104.304046920821,648.421628849563,34822,0.974872207225317,3661,30286,0.107844581259021,0.980351310058987,1.86999059266228,53986.0113358149
"S003","S003","Ogura","2017-06-07","9:35",2,"P01","NF","sample",50,30,7.46,0.21,0.1,21.2,"Med","rain",28006,0.893665643076484,12068,12960,0.48217995844654,0.992376915715298,0.127428679245283,339013.166077368,12075,0.731594202898551,5313,3521,0.601426307448494,0.963844137990132,7.57396226415094,1549.60722767509,65141,0.986107060069695,6803,57433,0.105906345351516,0.909524234820441,70.7321994134897,1623.95628797728,49941,0.978574718167438,4974,43897,0.101778150641485,0.995773499228043,2.70476011288805,54098.4513325639
"S004","S004","Ogura","2017-06-14","9:20",3,"P01","NF","sample",40,30,6.64,0.19,0.11,27.2,"Med","sunny",26326,0.839968092380156,8930,13183,0.403834848279293,0.996794660335316,0.096051320754717,457498.480895953,13620,0.789867841409692,4299,6459,0.399609592861127,0.991041222529392,5.85905660377359,3674.65301259138,60376,0.977110109977474,610,58384,0.0103400345797878,0.826464134071058,6.44222873900293,22656.7552804079,52349,0.985061796786949,6720,44847,0.130315899703299,0.996364266585697,3.64801505174036,40978.4493429329
"S005","S005","Ogura","2017-06-21","9:54",4,"P01","NF","sample",100,30,7.71,0.07,0.03,20.8,"High","heavy rain",24325,0.909270298047276,13115,9003,0.592955963468668,0.994327416079899,0.144852830188679,207175.793257963,7156,0.710732252655115,4252,834,0.836020448289422,0.982340487627364,5.91584905660378,469.924092619761,75542,0.982632178126076,2815,71415,0.0379226727738111,0.946482761098692,30.7697360703812,2320.94938470215,49448,0.968613492962304,32600,15296,0.680641389677635,0.986198829910179,18.0387206020696,2826.512355916
"S006","S006","Ogura","2017-06-28","9:43",5,"P01","NF","sample",50,30,7.03,0.14,0.07,25.4,"High","rain",14398,0.896235588276149,1151,11753,0.0891971481711097,0.980177330897072,0.0132883018867925,2948207.15245836,33405,0.801526717557252,3588,23187,0.134005602240896,0.993247829754299,4.9777358490566,15527.1397164733,61843,0.976893100270039,13587,46827,0.224898202403416,0.961974532707628,146.33853372434,639.981812148107,48206,0.969464382027134,5695,41039,0.121859887876065,0.998662740620213,3.05648165569144,44756.2531291308
"S007","S007","Ogura","2017-07-05","9:34",6,"P01","NF","sample",50,30,7,0.07,0.04,27,"High","rain",23717,0.892102711135472,8363,12795,0.395264202665658,0.985159024064708,0.0947396226415095,450181.231578102,7326,0.713622713622714,4378,850,0.837413925019128,0.993708123402872,5.89905660377358,480.302787995096,37712,0.985230165464574,5118,32037,0.13774727492935,0.97983398039839,58.716715542522,1091.23951174684,32132,0.779721150255197,9177,15877,0.366288816157101,0.987267607662486,5.02722483537159,10527.3456164053
"S008","S008","Ogura","2017-07-12","9:29",7,"P01","NF","sample",50,30,6.73,0.11,0.05,32,"Med","cloudy",16661,0.839085288998259,1605,12375,0.11480686695279,0.991459757513667,0.0175169811320755,2354857.81990517,5541,0.707092582566324,3461,457,0.883358856559469,0.995756229576867,4.46216981132075,341.388471919773,46973,0.982819917825134,3688,42478,0.0798856301174024,0.951753248720823,43.3492082111437,1959.80511538295,35843,0.981139971542561,5855,29312,0.166491312878551,0.996255982633515,3.1549012229539,30969.8021465112
"S009","S009","Ogura","2017-07-19","9:31",8,"P01","NF","sample",50,30,7.17,0.08,0.04,32.1,"Low (1 cm)","sunny",27726,0.901211858904999,2937,22050,0.117541121383119,0.983440711847989,0.0333071698113208,2206732.07649787,10905,0.716460339293902,4133,3680,0.528990144630744,0.986149745911157,5.76377358490566,2128.23534546724,38636,0.979837457293716,6584,31273,0.173917637425047,0.904861645293094,73.6319061583577,849.441543255511,79975,0.970553297905596,17591,60029,0.226629734604483,0.999721312614095,9.32316086547507,21462.3205105951
"S010","S010","Ogura","2017-07-26","9:24",9,"P01","NF","sample",50,30,7.2,0.13,0.06,29,"High","cloudy",20711,0.877794408768287,1362,16818,0.0749174917491749,0.984192499156125,0.0154505660377358,3628346.03360695,11785,0.744845142129826,4608,4170,0.524948735475051,0.9615827677397,6.24367924528302,2226.25145430096,79508,0.97865623585048,14914,62897,0.191669558288674,0.895149686942298,158.859824046921,791.855340106923,58896,0.968741510459114,8495,48560,0.14889142055911,0.997671521172187,4.55665098777046,35523.1653907877
"S011","S011","Ogura","2017-08-02","9:26",10,"P01","NF","sample",50,30,6.82,0.16,0.08,30,"High","sunny",34239,0.887146236747569,10056,20319,0.331061728395062,0.989603308772693,0.112441509433962,602357.619894602,9142,0.749507766353096,4099,2753,0.598219497956801,0.915892022926235,5.12603773584906,1790.20661562622,37047,0.971954544227603,4310,31698,0.119695623194846,0.947033239132038,47.7269208211143,1328.30693682534,67751,0.971601895174979,41803,24024,0.635043371261033,0.991445245222452,22.390103480715,3576.58016493648
"S012","S012","Ogura","2017-08-23","9:30",13,"P01","NF","sample",100,30,7.17,0.16,0.06,30.8,"Med","sunny/cloudy",25702,0.795463388063186,1894,18551,0.092638786989484,0.993157744080152,0.0208535849056604,2965277.52644982,94354,0.921296394429489,5881,81047,0.0676536904104546,0.994873097097121,7.9316037735849,34060.7869957378,64879,0.966599361889055,2444,60268,0.038971807628524,0.908467239775133,27.4205278592375,2197.91538329912,66012,0.962915833484821,6936,56628,0.10911836888805,0.998111023961925,3.73070555032926,50596.3275454273
"S013","S013","Ogura","2017-08-30","9:40",14,"P01","NF","sample",100,30,6.94,0.14,0.07,26.5,"High","sunny/cloudy",25723,0.842786611203981,4115,17564,0.189815028368467,0.986217576934752,0.0468709433962264,1249103.65408564,32270,0.870003098853424,6098,21977,0.217203918076581,0.976630819364493,8.73971698113208,8382.04106892916,60636,0.97926974074807,3188,56191,0.0536890146348036,0.909824461068907,34.3845161290322,1634.19487391171,71355,0.973863078971341,17217,52273,0.247762267952223,0.997838600033531,9.27715898400752,18781.9712515115
"S014","S014","Ogura","2017-05-19","15:00",0,"P02","NF","sample",30,30,6.38,0.18,0.09,29.3,"Med","From west point",42632,0.907182398198536,25232,13443,0.652411118293471,0.988094156821928,0.277330566037736,161576.131474464,13849,0.746624305003971,7042,3298,0.681044487427466,0.99634299522617,9.62820754716981,1141.78400075774,25203,0.979486569059239,11553,13133,0.46799805557806,0.938391742225626,125.071202346041,350.013958813215,75302,0.968035377546413,54035,18860,0.741271692159956,0.993559662434006,29.0441956726246,2164.51739188362
"S015","S015","Ogura","2017-05-31","9:10",1,"P02","NF","sample",100,30,6.24,0.2,0.1,28.2,"Med","",28776,0.855365582429803,10087,14527,0.40980742666775,0.989018192755139,0.113354716981132,427184.10510781,25695,0.691924498929753,4562,13217,0.256594859103437,0.998326363221573,5.91283018867924,7451.02857021292,66371,0.976480691868437,4758,60052,0.0734145965128838,0.938416454036447,52.8703812316715,1135.83444266951,45890,0.960230987143168,4070,39995,0.0923635538409168,0.993698868648854,2.23633113828787,59614.0099219543
"S016","S016","Ogura","2017-06-07","9:35",2,"P02","NF","sample",50,30,7.15,0.17,0.09,21.4,"Med","rain",27240,0.891152716593245,11469,12806,0.472461380020597,0.987319645221433,0.130719245283019,326552.272959084,7918,0.742359181611518,3255,2623,0.553759782238857,0.989409896625177,4.34641509433962,2011.61949412514,47731,0.972638327292535,1179,45246,0.0253957996768982,0.973762038615694,13.2776539589443,6815.36062619265,51526,0.983794589139464,4753,45938,0.09376417904559,0.999186237566318,2.54771401693321,60103.5538717924
"S017","S017","Ogura","2017-06-14","9:20",3,"P02","NF","sample",40,30,6.56,0.21,0.11,28.6,"Med","sunny",37039,0.883312184454224,14968,17749,0.457499159458386,0.991196235682867,0.165880754716981,356661.828759321,14207,0.757161962412895,4766,5991,0.443060332806545,0.985042302834515,6.32066037735849,3159.47999223869,57850,0.976162489196197,220,56251,0.00389580492642241,0.936687858659345,2.38076246334311,59068.2616032715,53043,0.98107196048489,12838,39201,0.246699590691597,0.996773569962416,6.97349012229539,18738.1064156419
"S018","S018","Ogura","2017-06-21","9:54",4,"P02","NF","sample",100,30,7.89,0.07,0.03,21,"High","heavy rain",22292,0.874573838148215,4068,15428,0.208658186294625,0.986948397835909,0.0459215094339622,1119881.887607,5381,0.680914328191786,2484,1180,0.677947598253275,0.995828096517031,3.32877358490566,1181.61636200463,56964,0.980443789059757,6633,49217,0.11876454789615,0.881830419189839,70.550146627566,697.617260242084,34001,0.981382900502926,13071,20297,0.391722608487173,0.995441570004066,7.10462841015993,9522.90010972483
"S019","S019","Ogura","2017-06-28","9:43",5,"P02","NF","sample",50,30,7.02,0.14,0.07,25.4,"High","rain",21427,0.876370933868484,2733,16045,0.145542656299925,0.976098126639502,0.0316022641509434,1692389.28824455,10602,0.728824750047161,2530,5197,0.327423320823088,0.907436144748714,3.12481132075472,5543.8013867504,49842,0.983949279723928,5410,43632,0.110313608743526,0.943322116751275,59.9985923753666,1454.43412162162,49510,0.971722884265805,17183,30927,0.357160673456662,0.990498217772987,9.47648165569144,10878.5099518537
"S020","S020","Ogura","2017-07-05","9:34",6,"P02","NF","sample",50,30,7.01,0.07,0.03,27.3,"High","rain",27977,0.856310540801373,8614,15343,0.359560879909838,0.999441690805235,0.0916573584905661,557983.932502217,5558,0.66552716804606,2277,1422,0.615571776155718,0.96257884322804,3.39330188679245,1396.86952653674,44859,0.986535589290889,4870,39385,0.110044062817761,0.925055842631037,52.0727272727273,1512.69203910615,45977,0.964786741196685,19384,24974,0.436989945443888,0.991440787919908,10.6866792097836,7789.76003981248
"S021","S021","Ogura","2017-07-12","9:29",7,"P02","NF","sample",50,30,6.74,0.1,0.05,32.3,"Med","cloudy",24852,0.835828102366007,2072,18700,0.0997496630078952,0.986461783355838,0.023497358490566,2652780.45437996,7738,0.587361075213233,2891,1654,0.636083608360836,0.990184589142226,3.69377358490566,1492.60186273008,37882,0.982419090861095,4907,32309,0.131851891659501,0.949157109086542,50.164926686217,1288.11112202331,46568,0.980286892286549,5210,40440,0.114129244249726,0.997943752401007,2.80769520225776,48010.9094076883
"S022","S022","Ogura","2017-07-19","9:31",8,"P02","NF","sample",50,30,7.22,0.08,0.04,32.8,"Low (1 cm)","sunny",21342,0.896588885765158,463,18672,0.024196498562843,0.964534298659059,0.00549433962264151,11328021.9780221,15330,0.767971298108284,2870,8903,0.243778136413828,0.956427076026855,3.81754716981132,7773.75245061696,58523,0.98359619294978,5434,52129,0.0944009172558762,0.94067129869614,59.52,1751.64650537635,51632,0.967984970560892,2557,47422,0.0511614878248864,0.994583209714307,1.40935089369708,112160.381094781
"S023","S023","Ogura","2017-07-26","9:24",9,"P02","NF","sample",50,30,7.18,0.12,0.06,29.3,"High","cloudy",18437,0.817595053425178,421,14653,0.027928884171421,0.979347513773044,0.00449207547169811,10873221.8862008,11835,0.711026615969582,2093,6322,0.248722519310755,0.977498498277105,2.76754716981132,7614.44414144168,35027,0.974162788705855,2356,31766,0.0690463630502315,0.968379505654073,24.4297947214076,2600.59491798872,29032,0.967518600165335,2762,25327,0.0983303072377087,0.991206351136522,1.47106302916275,57389.3379547329
"S024","S024","Ogura","2017-08-02","9:26",10,"P02","NF","sample",50,30,6.83,0.15,0.08,30.6,"High","sunny",26896,0.887418203450327,10579,13289,0.443229428523546,0.990314187299356,0.117177358490566,378030.937352393,3260,0.682822085889571,1268,958,0.5696316262354,0.99683979109886,1.6688679245283,1913.47277181081,24734,0.975903614457831,12568,11570,0.52067279807772,0.903038172875615,133.664281524927,173.120296133,18336,0.979548429319372,14404,3557,0.801959801792773,0.983948192489923,7.16797742238947,1654.11607319406
"S025","S025","Ogura","2017-08-23","9:30",13,"P02","NF","sample",100,30,7.19,0.11,0.05,31.2,"Low","sunny/cloudy",16830,0.733036244800951,735,11602,0.0595768825484315,0.911703135719576,0.00793735849056604,4872317.83461687,51345,0.910429447852761,1964,44782,0.0420142899927266,0.983815551392676,2.45424528301887,60822.499839836,62644,0.96880786667518,5528,55162,0.0910858461031471,0.942232032256449,63.1272727272727,873.822004608296,46756,0.956454786551459,1150,43570,0.0257155635062612,0.997271806937677,0.627300094073378,231521.300100975
"S026","S026","Ogura","2017-08-30","9:40",14,"P02","NF","sample",100,30,6.95,0.14,0.07,26.3,"High","sunny/cloudy",13469,0.861311158957606,936,10665,0.0806826997672614,0.973471715100659,0.0109298113207547,3252572.15854169,9951,0.860114561350618,1296,7263,0.151419558359621,0.965779405004265,1.8411320754717,13149.5183439229,47179,0.977447593208843,8340,37775,0.18085221728288,0.863583508032639,89.4019941348974,422.529725041724,27499,0.962144077966472,8875,17583,0.335437296847834,0.999091717908038,4.67693320790216,12531.7162753088
"S027","S027","Ogura","2017-05-19","15:00",0,"P03","NF","sample",30,30,5.69,0.18,0.09,29.4,"Med","From west point",23391,0.870420247103587,4898,15462,0.24056974459725,0.976826699274762,0.0563645283018868,914404.884645769,9291,0.684425788397374,6219,140,0.977983959742098,0.971885407101425,8.70698113207547,53.5968390866867,26623,0.983134883371521,13669,12505,0.52223580652556,0.92715388468459,152.678475073314,273.013817522853,39147,0.966817380642195,26089,11759,0.6893098710632,0.993422239676344,14.1251740357479,2774.95106024662
"S028","S028","Ogura","2017-06-07","9:35",2,"P03","NF","sample",50,30,6.69,0.25,0.12,21.1,"Med","rain",17877,0.826704704368742,2904,11875,0.196495026727113,0.987206190042245,0.0328656603773585,1204397.93020569,32383,0.83645740048791,1806,25281,0.0666740502824233,0.987143351603069,2.19301886792453,38426.4819753935,68453,0.982338246680204,1330,65914,0.0197787163166974,0.755988875080084,13.5244574780059,9747.3780530114,32556,0.976317729450792,2748,29037,0.0864558754129306,0.998729788952185,1.48222013170273,65300.6917999487
"S029","S029","Ogura","2017-06-14","9:20",3,"P03","NF","sample",40,30,6.55,0.21,0.11,28.3,"Med","sunny",1945,0.855526992287918,408,1256,0.245192307692308,0.963272214818924,0.00417132075471698,1003678.90959533,27242,0.812128331253212,2297,19827,0.103823901645272,0.988808422905935,3.02283018867925,21863.6165033394,52100,0.980153550863724,597,50469,0.0116907531429914,0.953438867621461,6.26111436950147,20151.7641355665,30625,0.980669387755102,2162,27871,0.0719874804381847,0.996234807887848,1.18575729068674,78349.367162253
"S030","S030","Ogura","2017-06-21","9:54",4,"P03","NF","sample",100,30,7.82,0.07,0.03,21.1,"High","heavy rain",23249,0.92623338638221,12670,8864,0.588371877031671,0.996279962935609,0.130891320754717,225734.345839745,313,0.648562300319489,158,45,0.778325123152709,0.983131689157748,0.2,750.000000000001,54158,0.984434432586137,11569,41746,0.216993341461127,0.905304471783654,132.639530791789,314.732717695834,36456,0.96886657888962,23705,11616,0.671130488944254,0.990374485047932,12.6664722483537,3056.88902488476
"S031","S031","Ogura","2017-06-28","9:43",5,"P03","NF","sample",50,30,6.98,0.14,0.07,25.5,"High","rain",16445,0.879477044694436,2341,12122,0.161861301251469,0.976612801312841,0.0271811320754717,1486570.41047714,12613,0.793308491239198,1729,8277,0.172796322206676,0.986666245911364,2.29330188679245,12030.6882224691,51058,0.977515766383329,4908,45002,0.0983370066119014,0.783267201721143,48.8136070381232,1843.83014206893,15527,0.972692728795002,2680,12423,0.177448189101503,0.998803329551361,1.43905926622766,28775.7432732791
"S032","S032","Ogura","2017-07-05","9:34",6,"P03","NF","sample",50,30,6.99,0.07,0.03,28,"High","rain",21987,0.907809159958157,9218,10742,0.461823647294589,0.984533093212383,0.103398490566038,346297.769635217,1914,0.467084639498433,540,354,0.604026845637584,0.978536723199239,0.774811320754717,1522.95141848289,49949,0.978978558129292,2442,46457,0.0499396715679257,0.962106748694919,28.1609384164223,3299.3928904662,3859,0.973827416429127,1178,2580,0.313464608834486,0.939802760527952,0.557102539981186,15437.0145221208
"S033","S033","Ogura","2017-07-12","9:29",7,"P03","NF","sample",50,30,6.75,0.11,0.05,32.9,"Med","cloudy",27377,0.832560178251817,2114,20679,0.0927477734392138,0.973963342594479,0.0242490566037736,2842584.81170237,11693,0.618831779697255,4699,2537,0.649391929242676,0.96365466381765,6.15018867924528,1375.02556550906,80550,0.983823711980137,4974,74273,0.062765782931846,0.966858589729122,56.3087390029325,2638.0629833011,50792,0.981414395967869,6327,43521,0.126925854597978,0.991065218862555,3.47727187206021,41719.4873848191
"S034","S034","Ogura","2017-07-19","9:31",8,"P03","NF","sample",50,30,7.23,0.06,0.03,34.4,"Low (1 cm)","sunny",23549,0.896683510977112,633,20483,0.0299772684220496,0.969824340303787,0.00746566037735849,9145428.96616788,14479,0.691415152980178,2245,7766,0.224253321346519,0.923765933138851,2.95745283018868,8753.02774144842,56900,0.980615114235501,726,55071,0.0130114522286144,0.905299493439634,7.52140762463343,14643.8014660013,30798,0.97665432820313,3463,26616,0.115130157252568,0.992872807195078,1.79187206020696,49512.4635124627
"S035","S035","Ogura","2017-07-26","9:24",9,"P03","NF","sample",50,30,7.18,0.12,0.06,29.5,"High","cloudy",25769,0.859365904769296,552,21593,0.0249266200045157,0.938983302694371,0.00675924528301887,10648624.7580764,26299,0.776759572607323,3637,16791,0.178039945173292,0.973934786933315,5.33094339622641,10499.0797763149,78294,0.978670140751526,5146,71478,0.0671591146377114,0.980190858485893,57.7360703812317,2476.0258025193,64019,0.961745731735891,2389,59181,0.0388013643007958,0.97888181883632,1.3498400752587,146143.238458962
"S036","S036","Ogura","2017-08-02","9:26",10,"P03","NF","sample",50,30,6.85,0.15,0.08,32.1,"High","sunny",33669,0.81918084885206,10864,16717,0.393894347558102,0.985180326041169,0.122806037735849,453750.763078871,9528,0.81024349286314,4317,3403,0.55919689119171,0.910716666133795,5.1238679245283,2213.82235069566,51409,0.979089264525667,8344,41990,0.165772638772996,0.934672561170211,98.8396480938416,849.659034806228,54121,0.97003011769923,32472,20027,0.618526067163184,0.992532022499504,17.70884289746,3769.67976130399
"S037","S037","Ogura","2017-08-23","9:30",13,"P03","NF","sample",100,30,7.14,0.1,0.05,31.2,"Low","sunny/cloudy",23513,0.790754050950538,455,18138,0.0244715753240467,0.990160399625907,0.00497433962264151,12154377.1810046,115721,0.926331435089569,2682,104514,0.0250195902832195,0.951204104023345,3.47896226415094,100139.056864712,39919,0.978456374157669,1239,37820,0.0317212422233032,0.928500028398631,13.5526099706745,2790.60639108152,75972,0.960182698889064,1496,71451,0.0205080400838965,0.987327666199357,0.780677328316087,305081.230569007
"S038","S038","Ogura","2017-08-30","9:40",14,"P03","NF","sample",100,30,6.95,0.14,0.07,26.4,"High","sunny/cloudy",26197,0.806771767759667,3497,17638,0.165460137213154,0.975359201263203,0.0406022641509434,1448030.90573381,61360,0.928503911342894,1588,55385,0.0278728520527267,0.949443896349742,1.97396226415094,93525.9351303132,71776,0.975799710209541,15007,55032,0.214266337326347,0.879352842896306,154.704516129032,355.723293521055,81148,0.963757578745009,13763,64444,0.175981689618576,0.997712085977884,7.3928127939793,29057.0503162584
"S039","S039","Ogura","2017-05-19","15:00",0,"P04","NF","sample",30,30,5.89,0.17,0.09,29.4,"Med","From west point",36414,0.867468556049871,19277,12311,0.6102633911612,0.995803480010502,0.204799245283019,200375.087368883,15193,0.746857105245837,6589,4758,0.580682118621662,0.975891581727695,9.43660377358491,1680.68940696605,17024,0.981085526315789,4621,12081,0.276673452281164,0.966198771198754,48.2242815249267,835.05650528323,54129,0.971327754068983,22408,30169,0.426193963139776,0.989664694458949,12.3758795860771,8125.75240684048
"S040","S040","Ogura","2017-06-07","9:35",2,"P04","NF","sample",50,30,6.49,0.2,0.1,20.7,"Low","rain",32457,0.856980004313399,6788,21027,0.244040985079993,0.985053068426441,0.077177358490566,908167.905339309,43151,0.81571690111469,2474,32725,0.0702860876729453,0.99224113904452,3.39990566037736,32084.2235726112,59261,0.983631730817907,7506,50785,0.128767734298605,0.884376427357999,76.9473313782991,1319.99379550472,36214,0.981747390511957,9948,25605,0.279807611172053,0.997699173603735,5.34105362182502,15979.9930956013
"S041","S041","Ogura","2017-06-14","9:20",3,"P04","NF","sample",40,30,6.53,0.23,0.12,28.6,"Med","sunny",22888,0.844459979028312,3409,15919,0.176376241721854,0.979445950521522,0.0389139622641509,1363606.53724067,88299,0.837393401963782,5603,68338,0.0757766327206827,0.994605939323585,7.15971698113207,31815.9689738623,46451,0.97612537943209,37,45305,0.000816020466675488,0.908712735573431,0.386627565982405,292949.882433253,63997,0.965451505539322,2154,59632,0.0348622665328715,0.992457594443004,1.19204139228598,166750.361706943
"S042","S042","Ogura","2017-06-21","9:54",4,"P04","NF","sample",100,30,7.77,0.07,0.03,21.2,"High","heavy rain",27771,0.940729538007274,16211,9914,0.620516746411483,0.984655111535456,0.172794716981132,191248.130984671,4286,0.129024731684554,309,244,0.55877034358047,0.83186632726333,0.322075471698113,2525.2880296817,48115,0.985784059025252,952,46479,0.0200712614113133,0.804361813829328,8.87178885630498,5238.96598000848,30936,0.965832686837342,18222,11657,0.609859767729844,0.999746718291451,9.6701975540922,4018.18747231524
"S043","S043","Ogura","2017-06-28","9:43",5,"P04","NF","sample",50,30,6.97,0.14,0.07,25.5,"High","rain",23866,0.899145227520322,3094,18365,0.14418192832844,0.986404606259063,0.0349984905660377,1749123.05292588,21160,0.788421550094518,3159,13524,0.189354432655997,0.986811687931073,4.00358490566038,11259.9085725057,35915,0.98307114019212,456,34851,0.012915285920639,0.938491214540605,5.10123167155425,13663.7589679912,52680,0.80876993166287,5293,37313,0.124231328920809,0.994894765592058,2.89998118532455,42888.7840018002
"S044","S044","Ogura","2017-07-05","9:34",6,"P04","NF","sample",50,30,7.04,0.07,0.03,28.7,"High","rain",22691,0.882640694548499,10176,9852,0.508088675853805,0.992926434375104,0.111939622641509,293372.437971957,5556,0.361951043916487,1287,724,0.639980109398309,0.982191355303942,1.66245283018868,1451.67026065903,42483,0.985429465904009,4045,37819,0.0966223963309765,0.859447424679696,41.6356598240469,1816.6638962766,52874,0.975564549684155,15626,35956,0.302935132410531,0.98939633045556,8.62105362182502,13902.3997055201
"S045","S045","Ogura","2017-07-12","9:29",7,"P04","NF","sample",50,30,6.65,0.1,0.05,33.5,"Low","cloudy",33448,0.810093279119828,1184,25912,0.0436964865662828,0.987022397494315,0.0134769811320755,6408952.60495396,17940,0.639409141583055,3071,8400,0.267718594717113,0.996722921071003,4.11669811320755,6801.56747714096,33534,0.980944712828771,1181,31714,0.0359021127830977,0.875498121621273,12.3992961876833,5115.45163853773,56768,0.978667559188275,4200,51357,0.0755980344511043,0.994853443588963,2.27665098777046,75193.7828501526
"S046","S046","Ogura","2017-07-19","9:31",8,"P04","NF","sample",50,30,7.24,0.07,0.03,31.4,"Low (1 cm)","sunny",18484,0.899047825146072,411,16207,0.0247322180767842,0.968729876178865,0.00477962264150943,11302844.8865726,34973,0.807365682097618,3276,24960,0.116022099447514,0.993268835250555,4.34188679245283,19162.1762558665,45762,0.984157160963245,3233,41804,0.0717854208761685,0.897560688310596,35.226275659824,2373.45556502745,72445,0.972434260473463,2179,68269,0.030930615489439,0.994298637878662,1.19181561618062,190938.371878865
"S047","S047","Ogura","2017-07-26","9:24",9,"P04","NF","sample",50,30,7.2,0.12,0.06,29.4,"Med","cloudy",19097,0.837932659580039,284,15718,0.0177477815273091,0.973903786226559,0.00329433962264151,15904047.3463151,18577,0.706680303601227,1415,11713,0.107784887263863,0.966848028649865,1.95160377358491,20005.768518071,33978,0.978250632762376,4770,28469,0.143506122326183,0.896191773248816,52.1215249266862,1092.40856018868,33763,0.964487752865563,2765,29799,0.0849097162510748,0.996199253982813,1.5009219190969,66179.3253440963
"S048","S048","Ogura","2017-08-02","9:26",10,"P04","NF","sample",50,30,6.83,0.15,0.08,32.1,"Med","sunny",30789,0.895449673584722,13478,14092,0.488864708015959,0.988348406094295,0.145127547169811,323669.311921668,3886,0.582604220277921,1240,1024,0.547703180212014,0.988647307722786,1.66132075471698,2054.59019496498,34060,0.984762184380505,3919,29622,0.116842073879729,0.826568954634583,39.5880351906158,1496.5127648983,27361,0.981360330397281,22677,4174,0.844549551227142,0.998936196546536,11.7745625587959,1181.64333187391
"S049","S049","Ogura","2017-08-23","10:40",13,"P04","NF","sample",100,30,7.25,0.11,0.05,30.6,"Low","sunny/cloudy",26974,0.824201082523912,4943,17289,0.222337171644476,0.984411749339145,0.0562890566037736,1023822.45283779,17994,0.771534956096477,5361,8522,0.386155730029533,0.987779489061837,6.99066037735849,4063.51691160263,75204,0.983511515344928,8986,64978,0.121491536423125,0.940963826567494,104.389442815249,622.457580456669,59867,0.967878798002238,9819,48125,0.169456716830043,0.99750310606269,5.2698400752587,30440.5189485357
"S050","S050","Ogura","2017-08-30","9:40",14,"P04","NF","sample",100,30,6.92,0.14,0.07,26.4,"High","sunny/cloudy",30843,0.824271309535389,5189,20234,0.204106517720175,0.982947998536949,0.0592384905660378,1138561.53359407,17986,0.62448571110864,675,10557,0.0600961538461538,0.988728961844433,0.858207547169811,41004.0672749258,68140,0.971514528911065,11804,54395,0.178310850617079,0.831465528776525,124.637653958944,436.42509524383,18210,0.969796814936848,6674,10986,0.377916194790487,0.949585584791314,3.2444967074318,11286.8044883877
"S051","S051","Ogura","2017-05-19","15:00",0,"P05","NF","sample",30,30,5.76,0.18,0.09,28.2,"Med","From west point",43782,0.904869581106391,24862,14755,0.627558876239998,0.993068458523354,0.262483773584906,187376.662037452,9056,0.722173144876325,4805,1735,0.734709480122324,0.962374363875738,6.08066037735849,951.102836604349,75207,0.964830401425399,7000,65562,0.0964692263168049,0.966740227782893,77.1519061583578,2832.59365687524,48762,0.962819408555843,28684,18265,0.610960829836631,0.991749573796776,15.721429915334,3872.63332032863
"S052","S052","Ogura","2017-06-07","9:35",2,"P05","NF","sample",50,30,6.24,0.19,0.09,20.5,"Low","rain",29630,0.765001687478907,2531,20136,0.111660122645255,0.988452558387276,0.0282958490566038,2372079.37693372,96537,0.852781834944115,2172,80153,0.026383237169754,0.933904823238632,2.85858490566038,93464.6601322292,42353,0.972965315325951,576,40632,0.0139778683750728,0.951319844801207,5.9758357771261,13598.7672738693,67429,0.982589093713387,5075,61180,0.0765979926043318,0.998782810315705,2.63000940733772,77540.914022727
"S053","S053","Ogura","2017-06-14","9:20",3,"P05","NF","sample",40,30,6.57,0.21,0.11,28.6,"Med","sunny",26864,0.830144431209053,2924,19377,0.131115196627954,0.970411737795905,0.0342822641509434,1884064.59140537,119712,0.846314488104785,2682,98632,0.026472155871844,0.993250330089381,3.71537735849056,88489.8898848062,64062,0.975242733601823,111,62365,0.00177668224598246,0.968695692728424,1.13923753665689,136856.884524299,77162,0.975026567481403,1283,73952,0.0170532332026318,0.99664128281289,0.695239887111947,354563.469726495
"S054","S054","Ogura","2017-06-21","9:54",4,"P05","NF","sample",100,30,7.74,0.07,0.03,21.1,"High","heavy rain",38934,0.92936764781425,21573,14611,0.596202741543224,0.99130346561769,0.235208301886792,207064.686674091,16202,0.712257745957289,8647,2893,0.749306759098787,0.947271072084314,10.7919811320755,893.564695426664,59380,0.983277197709667,9143,49244,0.156593077226095,0.93669353386996,100.113079178886,491.883781858401,78487,0.972364850229974,35492,40826,0.465054115673891,0.993296679479063,18.8358419567262,7224.87834519499
"S055","S055","Ogura","2017-06-28","9:43",5,"P05","NF","sample",50,30,6.97,0.14,0.07,25.5,"High","rain",18075,0.86356846473029,2852,12757,0.182715100262669,0.966299006682013,0.0325396226415094,1306817.03970005,16947,0.78432760960642,3194,10098,0.240294914234126,0.989359975870388,4.41801886792453,7618.799513143,45010,0.977205065540991,3599,40385,0.0818252091669698,0.768436534139906,34.3451026392962,2351.71811388289,29410,0.976844610676641,6266,22463,0.218107139127711,0.992383153381431,3.42507996237065,21861.2900981265
"S056","S056","Ogura","2017-07-05","9:34",6,"P05","NF","sample",50,30,7.02,0.08,0.04,27.6,"High","rain",39293,0.912987046038735,15704,20170,0.43775436249094,0.99233107008724,0.174762264150944,384713.105314678,6523,0.728959067913537,3708,1047,0.77981072555205,0.981927446994021,4.95056603773585,704.969890997789,50573,0.985782927649141,6325,43529,0.126870461748305,0.820818503782171,65.6975953079179,1325.13221514377,38249,0.974352270647599,21405,15863,0.574353332617795,0.992186169309465,11.5891251175917,4562.6107346449
"S057","S057","Ogura","2017-07-12","9:29",7,"P05","NF","sample",50,30,6.71,0.08,0.04,32.6,"Low","cloudy",30487,0.810148587922721,1826,22873,0.0739301186282846,0.980934305000582,0.0210332075471698,3624902.81914204,11983,0.65334223483268,5625,2204,0.718482564823094,0.996696350610486,7.72905660377359,950.525664811379,76988,0.982399854522783,5167,70466,0.0683167400473338,0.792829278032524,53.7271554252199,2623.10555778737,45058,0.981202006302987,4014,40197,0.0907918843726674,0.992516146761148,2.19008466603951,61180.2831542136
"S058","S058","Ogura","2017-07-19","9:31",8,"P05","NF","sample",50,30,7.09,0.06,0.03,32.5,"Low (1 cm)","sunny",27871,0.899321875784866,535,24530,0.021344504288849,0.986570815395818,0.00597735849056604,13679398.1481482,7756,0.68308406395049,1594,3704,0.30086825217063,0.991353586599253,2.08924528301887,5909.63003100635,96134,0.984219942996234,10020,84597,0.105900630964837,0.809137705154714,98.9447507331379,1709.98459995448,17405,0.975581729388107,1934,15046,0.113898704358068,0.899801428023682,0.948165569143932,52895.1218705553
"S059","S059","Ogura","2017-07-26","9:24",9,"P05","NF","sample",50,30,7.17,0.12,0.06,29.9,"Med","cloudy",17954,0.838643199287067,431,14626,0.0286245600053131,0.971289154181648,0.00504754716981132,9658816.7862838,9580,0.731732776617954,2242,4768,0.319828815977175,0.959235536776783,2.64056603773585,6018.91151601761,64776,0.979143509941954,5993,57432,0.0944895545920378,0.972040977205454,64.4373020527859,1782.56997640754,78760,0.95860843067547,11017,64483,0.145920529801325,0.990911703650795,6.03337723424271,35625.7076241506
"S060","S060","Ogura","2017-08-02","9:26",10,"P05","NF","sample",50,30,6.83,0.15,0.08,32.1,"Med","sunny",35976,0.825995107849678,12496,17220,0.420514201103782,0.986994190834345,0.138731320754717,413749.394785087,5805,0.744186046511628,2375,1945,0.549768518518518,0.975381244153286,3.12452830188679,2074.97987117552,59165,0.981120594946337,6017,52031,0.10365559536935,0.960034186806798,67.6025806451613,1539.31993434112,74029,0.974482972889003,42573,29567,0.590144164125312,0.990756420609957,22.6997930385701,4341.7429621145
"S061","S061","Ogura","2017-08-23","10:40",13,"P05","NF","sample",100,30,7.27,0.17,0.08,30.8,"Low","sunny/cloudy",38342,0.793151113661259,2158,28253,0.0709611653677946,0.990150424468372,0.0236966037735849,3974268.53090425,71947,0.931699723407508,3222,63811,0.0480658780003879,0.978168883922187,3.88575471698113,54739.2588636124,61897,0.986009014976493,520,60511,0.00852026019563828,0.957563720876996,5.43343108504399,11136.7935017271,41488,0.962181835711531,773,39146,0.019364212530374,0.998417476934831,0.409746001881468,318457.449413784
"S062","S062","Ogura","2017-08-30","9:40",14,"P05","NF","sample",100,30,6.91,0.14,0.07,26.3,"High","sunny/cloudy",41138,0.833560211969469,8357,25934,0.243708261642997,0.966473228663538,0.0984724528301887,877876.646535253,30239,0.896392076457555,3295,23811,0.121559802257803,0.984631425909798,4.65537735849057,17049.1012624882,44250,0.970350282485876,18349,24589,0.4273370906889,0.974278379479084,196.68926686217,125.014447368044,65643,0.966607254391177,18854,44597,0.297142677026367,0.999171189395133,9.97093132643462,14909.0051671055
"S089","S089","Ogura","2017-05-31","9:10",1,"P06","CN","sample",100,30,9.26,0.33,0.16,27.5,"Med","",20271,0.849933402397514,361,16868,0.0209530442857972,0.975403596379682,0.00415471698113208,13533212.231305,16373,0.632749038050449,2479,7881,0.239285714285714,0.994038276795477,3.2011320754717,8206.47176706355,37041,0.97389379336411,1528,34546,0.0423573765038532,0.903640125985854,16.9346627565982,2039.9579546714,48933,0.979809126765169,1054,46891,0.0219835227865262,0.994511568389433,0.551157102539981,283591.253043855
"S090","S090","Ogura","2017-06-07","9:25",2,"P06","CN","sample",50,30,7.77,0.31,0.15,20.7,"Med","rain",15633,0.806371137977356,389,12217,0.0308583214342377,0.983695077003437,0.00435471698113208,9351545.34950881,20299,0.432188777772304,256,8517,0.0291804399863217,0.989587386242737,0.33066037735849,85858.4878744649,50498,0.968275971325597,327,48569,0.00668766361256545,0.847419972434184,3.47026392961877,27991.5308950782,7019,0.965664624590397,120,6658,0.0177043375627029,0.816549000928639,0.0565380997177799,392537.659456464
"S091","S091","Ogura","2017-06-14","9:10",3,"P06","CN","sample",40,30,7.71,0.41,0.22,25.5,"Med","sunny",20291,0.836627076043566,1021,15955,0.0601437323279925,0.971891801028606,0.012097358490566,4396276.54043719,27532,0.784759552520703,2105,19501,0.0974266407479404,0.897880150324893,2.44801886792453,26553.4445771836,79306,0.971591052379391,4502,72551,0.0584273162628321,0.825134025129338,48.2026979472141,3762.80805274891,33242,0.968232958305758,1134,31052,0.0352327098738582,0.998812292302794,0.605888993414864,170834.37360909
"S092","S092","Ogura","2017-06-21","9:54",4,"P06","CN","sample",100,30,8.08,0.08,0.04,20.6,"High","heavy rain",20262,0.788471029513375,3534,12442,0.221206810215323,0.943989106628,0.0428845283018868,967093.144673994,18506,0.714903274613639,1906,11324,0.144066515495087,0.999292940913067,2.55783018867924,14757.2996963326,60990,0.968748975241843,1847,57237,0.0312605781599079,0.949018297717006,21.5009970674487,2662.06259274614,39351,0.969581459175116,5288,32866,0.138596215337841,0.997866135338437,2.84244590780809,38541.9237116848
"S093","S093","Ogura","2017-06-28","9:43",5,"P06","CN","sample",50,30,7.09,0.21,0.1,25,"High","rain",13874,0.832059968286003,409,11135,0.0354296604296604,0.983133722047221,0.00466792452830189,7951428.18647259,17098,0.758392794478886,2145,10822,0.165419912084522,0.98123498366813,2.96754716981132,12155.9426924381,33369,0.975636069405736,262,32294,0.00804767170414056,0.867072018431033,2.66885630498534,24200.6285161741,30101,0.976645294176273,1115,28283,0.0379277501870876,0.986512647334696,0.584327375352775,161342.20411931
"S094","S094","Ogura","2017-07-05","9:34",6,"P06","CN","sample",50,30,7.04,0.16,0.08,26,"High","rain",15039,0.771460868408804,426,11176,0.0367178072746078,0.972079700638216,0.0049788679245283,7482289.9297662,33843,0.588541204975918,2434,17484,0.122201024199217,0.993875260268913,3.26132075471698,17870.0607463119,77051,0.977677122944543,1485,73846,0.0197129999601758,0.906580797426407,15.1066275659824,9776.6360728041,56279,0.97903303185913,2235,52864,0.0405633496070709,0.997716939825663,1.19531514581373,147419.978698062
"S095","S095","Ogura","2017-07-12","9:29",7,"P06","CN","sample",50,30,6.9,0.21,0.11,31.1,"Med","cloudy",15851,0.777679641662987,1063,11264,0.0862334712419891,0.952695651806786,0.0127381132075472,2947584.62693058,11644,0.474665063552044,2365,3162,0.427899402931066,0.977171484034361,3.00245283018868,3510.46314334192,41157,0.976431712709867,567,39620,0.0141090402368925,0.90761850313644,6.35683284457478,12465.3269855329,40384,0.973256735340729,1139,38165,0.0289792387543253,0.998269565862628,0.59994355597366,212047.725823482
"S096","S096","Ogura","2017-07-19","9:31",8,"P06","CN","sample",50,30,7.07,0.24,0.12,29.4,"Med","sunny",19650,0.840050890585242,362,16145,0.0219300902647362,0.988192533069766,0.0040022641509434,13446555.4088879,21541,0.784782507775869,1125,15780,0.0665483584738243,0.964228544935177,1.43669811320755,36611.727624926,24604,0.976345309705739,53,23969,0.00220631088169178,0.987509875600905,0.570557184750733,84019.6237664474,43192,0.973930357473606,526,41540,0.0125041601293206,0.979220050459662,0.267450611476952,517727.986868334
"S097","S097","Ogura","2017-08-09","9:00",11,"P06","CN","sample",50,30,7.29,0.09,0.04,25.7,"NoInfo","Sampling = Shiojiri-san",16343,0.82628648350976,1303,12201,0.0964899289099526,0.979253652222235,0.0150928301886792,2694656.9656966,9823,0.731955614374427,1329,5861,0.184840055632823,0.965428156687791,1.65009433962264,11839.7270977455,46709,0.971718512492239,2840,42548,0.0625716048294703,0.9169594466743,30.3840469208211,2800.68024584594,52890,0.976989979202118,3706,47967,0.0717202407446829,0.999777679777482,1.95996237064911,81578.0968014455
"S098","S098","Ogura","2017-08-16","8:30",12,"P06","CN","sample",50,30,7.26,0.18,0.09,25.3,"NoInfo","Sampling = Sugiyama-san",16423,0.826767338488705,462,13116,0.034025629695095,0.976982717870194,0.00534566037735849,8178596.63984178,14826,0.588830433023068,581,8149,0.0665521191294387,0.990881490626396,0.746792452830189,36373.3367020382,75401,0.967361175581226,3026,69914,0.0414861530024678,0.85199702922455,33.2687390029325,4202.9846694122,23657,0.980724521283341,1457,21744,0.0627990172837378,0.998827926675862,0.778664158043274,93082.4916638425
"S099","S099","Ogura","2017-08-23","9:30",13,"P06","CN","sample",100,30,7.35,0.19,0.09,28.9,"Med","sunny/cloudy",16295,0.833261736729058,1132,12446,0.0833701576078951,0.976357476269361,0.0131833962264151,3146887.64216462,11493,0.739754633255025,1253,7249,0.14737708774406,0.992588512737463,1.7138679245283,14098.7137850682,46267,0.955648734519204,3804,40411,0.0860341513061178,0.926970577220991,42.465219941349,951.62582593035,52208,0.965714066809684,7315,43103,0.145087072077433,0.997116499327699,3.97111947318909,36180.3938755051
"S100","S100","Ogura","2017-05-31","9:10",1,"P07","CN","sample",100,30,9.34,0.34,0.17,27.7,"Med","",17010,0.824397413286302,391,13632,0.0278827640305213,0.963431964874585,0.00461660377358491,9842733.36602929,16708,0.75772085228633,748,11912,0.0590837282780411,0.986047955788607,0.951698113207547,41721.9138250064,41424,0.981556585554268,868,39792,0.021347761928185,0.926172806712682,8.56961876832844,4643.38042049937,52818,0.983263281457079,363,51571,0.00698964069780876,0.992267391321195,0.186961429915334,919458.807151717
"S101","S101","Ogura","2017-06-07","9:25",2,"P07","CN","sample",50,30,7.7,0.3,0.15,20.9,"Med","rain",17514,0.807982185680027,460,13691,0.0325065366405201,0.966536907426986,0.00546792452830189,8346250.28755471,24512,0.740086488250653,896,17245,0.0493908825312827,0.951935580910392,1.10188679245283,52168.0936073058,66426,0.98405744738506,3692,61675,0.0564810990255022,0.923610103335409,40.8051612903226,3022.90190994182,36245,0.969844116429852,431,34721,0.0122610377787893,0.997829589066987,0.228278457196613,506997.760927494
"S102","S102","Ogura","2017-06-14","9:10",3,"P07","CN","sample",40,30,7.68,0.42,0.22,26.2,"Med","sunny",18764,0.859624813472607,678,15452,0.0420334779913205,0.975078669752276,0.00780905660377358,6595760.4458621,34095,0.881976829447133,945,29126,0.0314256260184231,0.982769575576171,1.27584905660377,76095.7310460414,73436,0.98044555803693,3257,68743,0.0452361111111111,0.922704102416803,36.9867448680352,4646.46187744206,46765,0.966705869774404,943,44265,0.0208591399752256,0.989212259495512,0.491665098777046,300102.651921009
"S103","S103","Ogura","2017-06-21","9:54",4,"P07","CN","sample",100,30,7.91,0.13,0.06,20.8,"High","heavy rain",16653,0.761304269500991,2175,10503,0.171557027922385,0.974240628593375,0.0249871698113208,1401119.06487854,9976,0.730753809141941,1369,5921,0.187791495198903,0.965437743565999,1.84698113207547,10685.9059488542,58253,0.976344565945102,600,56275,0.0105494505494505,0.980585013117185,6.87483870967742,8185.64658408408,48470,0.962884258304106,1425,45246,0.0305328790897988,0.998087484342854,0.753170272812794,200246.883665158
"S104","S104","Ogura","2017-06-28","9:43",5,"P07","CN","sample",50,30,7.06,0.21,0.1,25,"High","rain",18142,0.842630360489472,775,14512,0.05069667037352,0.985302400373127,0.0088611320754717,5459046.64565781,4809,0.745061343314618,725,2858,0.202344404130617,0.96996790085663,1.01235849056604,9410.36871369551,46807,0.97801610870169,1532,44246,0.0334658569618594,0.818939914715679,15.9343108504399,5553.55050058896,23055,0.977054868792019,2911,19615,0.129228447127763,0.996960956254008,1.49392285983067,43766.2044616849
"S105","S105","Ogura","2017-07-05","9:34",6,"P07","CN","sample",50,30,7.01,0.17,0.09,26.1,"High","rain",17298,0.860272863914903,571,14310,0.0383710772125529,0.99046598417837,0.00643622641509434,7411174.95309583,14303,0.648605187722855,1413,7864,0.152312169882505,0.986100909395318,1.91283018867925,13703.9521273098,34351,0.982358592180723,531,33214,0.0157356645428952,0.87882158285162,5.77782991202346,11497.0501055709,28625,0.979703056768559,1161,26883,0.0413992297817715,0.999056575690101,0.619510818438382,144646.384426152
"S106","S106","Ogura","2017-07-12","9:29",7,"P07","CN","sample",50,30,6.88,0.21,0.11,31,"Med","cloudy",14486,0.857724699710065,1027,11398,0.0826559356136821,0.980981749032413,0.0116777358490566,3253484.56451009,3220,0.440993788819876,609,811,0.42887323943662,0.913133959545549,0.708962264150943,3813.08494122865,51651,0.976418655979555,207,50226,0.0041044554160966,0.824139975655811,2.25219941348974,44601.7343750001,25785,0.967771960442118,650,24304,0.0260479281878657,0.99194400332962,0.360696142991533,224602.715907707
"S107","S107","Ogura","2017-07-19","9:31",8,"P07","CN","sample",50,30,7.03,0.24,0.12,29.2,"Med","sunny",15021,0.864456427667932,1136,11849,0.0874855602618406,0.969021633170883,0.0134294339622641,2941052.2273426,9727,0.757376375038552,1321,6046,0.179313153250984,0.991557113104692,1.83056603773585,11009.3451522023,41529,0.984059332033037,255,40612,0.00623975334622067,0.875276748515082,2.75706744868035,29460.2876106196,33919,0.972227954833574,426,32551,0.0129180944294508,0.996290617211367,0.22381937911571,484780.780654566
"S108","S108","Ogura","2017-08-09","9:00",11,"P07","CN","sample",50,30,7.35,0.09,0.04,25.6,"NoInfo","Sampling = Shiojiri-san",17000,0.83,1598,12512,0.113253012048193,0.974518717203555,0.0185252830188679,2251337.62459598,7360,0.745108695652174,1189,4295,0.216812545587163,0.994304153499794,1.5927358490566,8988.72633220796,64442,0.977995717078924,2540,60484,0.0403021071337903,0.859228411461041,24.8060997067449,4876.54252099567,34153,0.978332796533247,2330,31083,0.0697333373237961,0.997249683928653,1.27394167450612,81330.2540245166
"S109","S109","Ogura","2017-08-16","8:30",12,"P07","CN","sample",50,30,7.25,0.16,0.08,25.2,"NoInfo","Sampling = Sugiyama-san",18977,0.832059861938136,1027,14763,0.0650411652944902,0.987300994328153,0.0115569811320755,4258032.39077914,18329,0.766326586284031,2347,11699,0.167093834543642,0.962653433537408,3.06943396226415,12704.8397672322,63249,0.951303577922181,1321,58848,0.0219548272366169,0.934153644433885,15.298064516129,7693.52226720644,34933,0.969140926917242,2161,31694,0.063831044158913,0.99284797947491,1.18771401693321,88949.5831155202
"S110","S110","Ogura","2017-08-23","9:30",13,"P07","CN","sample",100,30,7.34,0.17,0.08,28.1,"Med","sunny/cloudy",14107,0.818175373927837,492,11050,0.0426269277421591,0.97355513888646,0.00570188679245283,6459849.98896987,20715,0.771180304127444,1435,14540,0.0898278560250391,0.970510852332342,2.12160377358491,22844.3535358027,45064,0.972971773477721,66,43780,0.00150526843953838,0.835786406325402,0.731964809384164,59811.618589744,17838,0.978641103262698,874,16583,0.0500658761528327,0.998305954491365,0.467055503292568,118351.387098509
"S111","S111","Ogura","2017-05-31","9:10",1,"P08","CN","sample",100,30,9.38,0.39,0.2,27.8,"Med","",14595,0.857348406988695,264,12249,0.0210980580196596,0.988116156509733,0.00288150943396226,14169656.8884232,9744,0.743226600985222,1592,5650,0.219828776581055,0.992508150416719,2.19301886792453,8587.85740915999,24853,0.977024906449926,88,24194,0.00362408368338687,0.960994878977546,0.987214076246334,24507.3490969581,16081,0.978981406628941,168,15575,0.0106714095153402,0.979123278275181,0.0894073377234243,580675.680415257
"S112","S112","Ogura","2017-06-07","9:25",2,"P08","CN","sample",50,30,7.68,0.3,0.15,20.9,"Med","rain",18202,0.821667948577079,536,14420,0.0358384594811447,0.976725677694595,0.00605660377358491,7936240.91381109,19776,0.87085355987055,815,16407,0.0473231912669841,0.996959443208214,1.10452830188679,49514.3491629654,60872,0.980845051912209,4159,55547,0.069657990821693,0.847832328039888,40.7554252199413,2725.87022219666,34120,0.974062133645955,766,32469,0.0230479915751467,0.999121420555829,0.402257761053622,269056.337698787
"S113","S113","Ogura","2017-06-14","9:10",3,"P08","CN","sample",40,30,7.68,0.44,0.22,26.4,"Med","sunny",20844,0.850316637881405,538,17186,0.0303543218235161,0.975457316209185,0.0062777358490566,9125370.6820548,37164,0.880664083521688,952,31777,0.029087353722998,0.987344369888811,1.2727358490566,83224.915375682,77222,0.973699204889798,891,74300,0.0118498224521552,0.946276828749295,10.4633431085044,17752.45235426,38442,0.969044274491442,650,36602,0.0174487275850961,0.997744329321306,0.34173095014111,357025.509735898
"S114","S114","Ogura","2017-06-21","9:54",4,"P08","CN","sample",100,30,7.92,0.12,0.06,20.8,"High","heavy rain",16679,0.819653456442233,1444,12227,0.105625045717212,0.966246716983538,0.0171705660377359,2373635.59110952,7532,0.793813064259161,564,5415,0.0943301555444054,0.990788182700498,0.707169811320755,25524.279615795,66761,0.974970416860143,513,64577,0.00788139499155016,0.955292195548229,5.9242228739003,10900.5014454302,34379,0.974432066086855,1320,32180,0.0394029850746269,0.973847396947774,0.66381937911571,161590.140392643
"S115","S115","Ogura","2017-06-28","9:43",5,"P08","CN","sample",50,30,7.06,0.21,0.1,25.1,"High","rain",17329,0.85313636101333,1103,13681,0.074607683982684,0.965351966060257,0.0130732075471698,3488304.8531732,7818,0.742005628037861,1834,3967,0.316152387519393,0.870115322846606,2.28452830188679,5788.21165069926,54336,0.982994699646643,1504,51908,0.0281584662622632,0.957890475816697,17.218064516129,6029.48141486813,49688,0.966651907905329,4319,43712,0.089921092627678,0.997307133617919,2.25836312323612,64518.706122811
"S116","S116","Ogura","2017-07-05","9:34",6,"P08","CN","sample",50,30,6.96,0.19,0.1,26.3,"High","rain",19801,0.833846775415383,647,15864,0.0391859972139786,0.974302101406798,0.00754339622641509,7010105.05252618,10580,0.702930056710775,683,6754,0.0918381067634799,0.950452857626883,0.829716981132076,27133.7502368771,60899,0.981576052151924,143,59634,0.00239222443414691,0.897282429155522,1.7041642228739,69986.2128303969,36367,0.975912228118899,1563,33928,0.0440393339156406,0.998184438540268,0.840338664158043,134580.661532031
"S117","S117","Ogura","2017-07-12","9:29",7,"P08","CN","sample",50,30,6.95,0.21,0.11,31.9,"Low","cloudy",21816,0.852401906857352,1050,17546,0.0564637556463756,0.981173251715275,0.0119358490566038,4900084.30814615,12774,0.509394081728511,2773,3734,0.426156446903335,0.995167029077243,3.52632075471698,3529.64677136002,62325,0.985158443642198,114,61286,0.00185667752442997,0.80449349864883,1.18615835777126,103335.274920886,36771,0.971825623453265,856,34879,0.0239541066181615,0.996129621859761,0.466698024459078,249118.974669081
"S118","S118","Ogura","2017-07-19","9:31",8,"P08","CN","sample",50,30,6.83,0.24,0.12,28.4,"Med","sunny",18567,0.891043248774708,282,16262,0.0170454545454545,0.972410624452981,0.00316905660377358,17104985.3139633,14404,0.763260205498473,1056,9938,0.0960523922139349,0.972321949419315,1.56094339622642,21222.2087916516,46152,0.983727682440631,90,45311,0.00198233519085483,0.933747348001137,0.995659824046921,91017.0299245984,40214,0.970656985129557,496,38538,0.0127068709330327,0.997504846675774,0.257930385700847,498041.359690711
"S119","S119","Ogura","2017-08-09","9:00",11,"P08","CN","sample",50,30,7.31,0.09,0.05,25.7,"NoInfo","Sampling = Shiojiri-san",24510,0.820440636474908,1700,18409,0.0845392610274007,0.989759947471532,0.019108679245283,3211280.72462047,12433,0.748009330008847,1587,7713,0.170645161290323,0.964294450666436,2.3127358490566,11116.7040587395,43464,0.944896926191791,105,40964,0.00255667291631157,0.895453715661152,1.1458064516129,71502.4774774762,58436,0.965671846122253,1246,55184,0.022080453659401,0.999206919069984,0.654430856067733,281078.841196376
"S120","S120","Ogura","2017-08-16","8:30",12,"P08","CN","sample",50,30,7.28,0.16,0.08,25.2,"NoInfo","Sampling = Sugiyama-san",18751,0.823102767852381,820,14614,0.0531294544512116,0.954413865492435,0.00982188679245283,4959671.63567457,11945,0.691921305985768,1148,7117,0.138898971566848,0.989271100826113,1.45433962264151,16312.099982702,52011,0.963719213243352,416,49708,0.00829941744473705,0.952081139104127,3.89067448680352,25552.3818137962,29912,0.968975661941696,2269,26715,0.0782845707976815,0.998038496746826,1.21189087488241,73480.2133142879
"S121","S121","Ogura","2017-08-23","9:30",13,"P08","CN","sample",100,30,7.36,0.17,0.08,28.7,"Med","sunny/cloudy",13322,0.821423209728269,638,10305,0.0583021109384995,0.980054578496483,0.00727547169811321,4721343.36099581,13578,0.753571954632494,1497,8735,0.14630570758405,0.994201094060984,1.88952830188679,15409.4895734518,56023,0.949342234439427,1968,51217,0.0370029143555514,0.924954919411713,19.4993548387097,2626.59972207514,20556,0.964779139910488,2824,17008,0.142396127470754,0.997743825234066,1.53219190968956,37001.4571770056
"S122","S122","Ogura","2017-05-31","9:10",1,"P09","CN","sample",100,30,9.34,0.43,0.22,27.9,"Med","",12837,0.876606683804627,214,11039,0.0190171509819604,0.948570117197532,0.00256754716981132,14331447.1879285,14884,0.78218220908358,699,10943,0.0600412300292046,0.993072489789955,0.939150943396227,38840.0468776159,32318,0.975215050436289,571,30946,0.0181172065869213,0.885607355745704,5.82568914956012,5311.98956990987,24454,0.982375071562934,207,23816,0.00861674228864005,0.998963335144584,0.108165569143932,733936.56867862
"S123","S123","Ogura","2017-06-07","9:25",2,"P09","CN","sample",50,30,7.64,0.3,0.15,20.9,"Med","rain",14616,0.791187739463602,497,11067,0.0429782082324455,0.981915203283924,0.00573584905660378,6431480.26315798,21723,0.838328039405239,1040,17171,0.0571083411125144,0.93506222945262,1.21792452830189,46995.2491608571,82227,0.979264718401498,1556,78966,0.0193239114776086,0.851790462921843,15.2107917888563,10382.8914491948,19071,0.975197944523098,377,18221,0.0202709968813851,0.989523949131068,0.192492944496707,315526.716189364
"S124","S124","Ogura","2017-06-14","9:10",3,"P09","CN","sample",40,30,7.75,0.45,0.22,26.9,"Med","sunny",14259,0.819692825583842,623,11065,0.0533025325119781,0.983630409584926,0.0071411320754717,5164914.04213351,27463,0.888176819721079,977,23415,0.0400541161036405,0.983046880339618,1.26358490566038,61768.7024040612,81730,0.964089073779518,233,78562,0.00295704042134653,0.958757026327203,2.54967741935484,77031.3132591095,22839,0.966592232584614,1103,20973,0.0499637615510056,0.986383591700156,0.57695202257761,121171.253872493
"S125","S125","Ogura","2017-06-21","9:54",4,"P09","CN","sample",100,30,7.94,0.12,0.06,20.7,"High","heavy rain",13468,0.814671814671815,1150,9822,0.104812249362012,0.976916918839702,0.0132347169811321,2473796.76094899,13964,0.825551417931825,1257,10271,0.109038861901457,0.992696957365423,1.70141509433962,20122.4655761944,61591,0.972366092448572,68,59821,0.00113543388602247,0.937847692442591,0.717888563049853,83329.0890522881,23362,0.968110606968581,693,21924,0.0306406685236769,0.977853971836434,0.360395108184384,202777.447141736
"S126","S126","Ogura","2017-06-28","9:43",5,"P09","CN","sample",50,30,7.04,0.21,0.1,25.2,"High","rain",13956,0.844224706219547,407,11375,0.034544219996605,0.973746341805226,0.00469509433962264,8075805.06885276,10005,0.751024487756122,1241,6273,0.165158371040724,0.980998525604139,1.51820754716981,13772.8204809545,57390,0.978985886042865,2003,54181,0.0356507190659262,0.953573205347914,21.8397653958944,4961.68333476565,33555,0.963701385784533,2156,30181,0.0666728515323005,0.995576711015856,1.12122295390405,89726.4303973048
"S127","S127","Ogura","2017-07-05","9:34",6,"P09","CN","sample",50,30,6.93,0.18,0.09,26.3,"High","rain",11814,0.801760622989673,302,9170,0.0318834459459459,0.989834295204217,0.00337735849056604,9050465.54934798,14845,0.607611990569215,985,8035,0.10920177383592,0.979716152605932,1.21198113207547,22098.8038712022,69442,0.979421675642983,1187,66826,0.0174525458368253,0.99706713549553,12.561642228739,10639.691655461,32389,0.981012071999753,728,31046,0.022911814691257,0.996605898824442,0.380809031044214,271754.759552038
"S128","S128","Ogura","2017-07-12","9:29",7,"P09","CN","sample",50,30,6.99,0.26,0.11,31.1,"Med","cloudy",14123,0.837923953834171,802,11032,0.0677708298124049,0.976234827750131,0.00930867924528302,3950435.11161549,11988,0.444110777444111,1692,3632,0.317806160781367,0.995414606902387,2.29103773584906,5284.35934390229,51048,0.982016925246826,1501,48629,0.0299421504089368,0.924315179392468,15.6330791788856,6221.29517077854,15229,0.969334821721715,365,14397,0.0247256469313101,0.98877634549152,0.202916274694261,236501.483541959
"S129","S129","Ogura","2017-07-19","9:31",8,"P09","CN","sample",50,30,6.97,0.23,0.12,29.7,"Low (1 cm)","sunny",19217,0.882916167976271,455,16512,0.026816761949667,0.940453121898443,0.00548528301886793,10034122.1794169,20065,0.803638175928233,1353,14772,0.083906976744186,0.988904554199366,1.73481132075472,28383.490129969,36447,0.980217850577551,1833,33893,0.0513071712478307,0.934415754965096,19.4768328445748,3480.33997831846,50888,0.976634963056123,497,49202,0.010000201211292,0.997819731167945,0.257121354656632,637857.041806924
"S130","S130","Ogura","2017-08-09","9:00",11,"P09","CN","sample",50,30,7.29,0.09,0.05,25.6,"NoInfo","Sampling = Shiojiri-san",18069,0.833803752282915,1561,13505,0.103610779238019,0.978811860153585,0.0180483018867925,2494232.80644523,10419,0.749688069872349,1616,6195,0.206887722442709,0.989373294889856,2.1388679245283,9654.64008468591,79097,0.979392391620415,1277,76190,0.0164844385351182,0.88603585594229,13.4991202346041,11288.1430309349,38773,0.973925154102081,1049,36713,0.0277792489804565,0.998763132567364,0.546980244590781,223731.419693638
"S131","S131","Ogura","2017-08-16","8:30",12,"P09","CN","sample",50,30,7.27,0.16,0.08,25.2,"NoInfo","Sampling = Sugiyama-san",17907,0.776735354889149,825,13084,0.0593141131641383,0.982224734260153,0.00944,4620056.49717529,21670,0.765020766035994,1697,14881,0.102364579563277,0.981700837641576,2.12056603773585,23391.5532224101,87919,0.959690169360434,2774,81601,0.032877037037037,0.929413929226653,30.5173020527859,5347.85151445268,61650,0.964931062449311,3832,55656,0.0644163528778913,0.991321873352405,2.10124176857949,88290.6492599471
"S132","S132","Ogura","2017-08-23","9:30",13,"P09","CN","sample",100,30,7.38,0.17,0.09,28.8,"Med","sunny/cloudy",19274,0.745045138528588,1261,13099,0.0878133704735376,0.948576084018445,0.0154233962264151,2830980.4593203,24370,0.795773491998359,1927,17466,0.0993657505285412,0.9801531321003,2.6588679245283,21896.5370422936,59954,0.957350635487207,1187,56210,0.0206805233723017,0.978237205702099,12.8966568914956,4358.49386960631,39654,0.966359005396681,3157,35163,0.0823851774530271,0.99568496260119,1.71499529633114,68344.2107688243
"S133","S133","Ogura","2017-05-31","9:10",1,"P10","CN","sample",100,30,9.11,0.48,0.24,27.5,"Med","",20605,0.868866779907789,241,17662,0.0134614310450762,0.975293344504057,0.0027222641509434,21626605.6741519,17674,0.810569197691524,1448,12878,0.10107496858858,0.98725557893389,1.87679245283019,22872.3568245033,40895,0.966719647878714,1967,37567,0.0497546415743411,0.910254008809214,21.1781818181818,1773.8538804945,65625,0.977904761904762,860,63315,0.0134008570315543,0.99674780057931,0.451251175917216,467699.61224149
"S134","S134","Ogura","2017-06-07","9:25",2,"P10","CN","sample",50,30,7.63,0.3,0.15,21,"Med","rain",22704,0.79435341789993,954,17081,0.052897144441364,0.914011855402628,0.0120656603773585,4718901.81605881,51535,0.879266517900456,2135,43178,0.0471167214706596,0.924899987767862,3.03047169811321,47493.1565129864,83768,0.980004297583803,7096,74997,0.086438551399023,0.914539507671331,76.3870967741935,1963.60388513515,75026,0.969823794417935,1815,70947,0.0249443390780902,0.99694202594584,0.928278457196614,254761.917791561
"S135","S135","Ogura","2017-06-14","9:10",3,"P10","CN","sample",40,30,7.79,0.43,0.22,26.6,"Med","sunny",19816,0.761808639483246,862,14234,0.0571012188659248,0.978789660915548,0.00990188679245283,4791679.36991856,77207,0.911406996774904,1788,68579,0.0254096380405588,0.989609873289334,2.49603773584906,91583.818378814,82323,0.981366082382809,1827,78962,0.0226144648405105,0.98170152844328,20.3401759530792,9705.17661476364,45649,0.971237047909045,357,43979,0.0080521472392638,0.985016635595547,0.186904985888993,784337.913562851
"S136","S136","Ogura","2017-06-21","9:54",4,"P10","CN","sample",100,30,7.92,0.12,0.06,20.8,"High","heavy rain",21577,0.785141585948,1249,15692,0.0737264624284281,0.9672710039295,0.0147901886792453,3536578.72803681,37396,0.87635041180875,1026,31746,0.0313072134749176,0.99684006333922,1.37971698113208,76696.8888888885,60888,0.971455787675732,653,58497,0.011039729501268,0.93216412710086,7.4566568914956,7844.93652466646,21563,0.979501924593053,149,20972,0.00705459021826618,0.952537560732802,0.0766886171213547,911565.096499829
"S137","S137","Ogura","2017-06-28","9:43",5,"P10","CN","sample",50,30,7.05,0.21,0.11,25.1,"High","rain",29926,0.819655149368442,1053,23476,0.0429287781809287,0.986256606018624,0.0120430188679245,6497817.04998841,15677,0.662945716654972,2711,7682,0.260848648128548,0.912782612390104,3.71367924528302,6895.22841779924,64113,0.974186202486235,1126,61332,0.0180281148932082,0.935528385053831,12.2510263929619,10012.5488318653,86457,0.970181708826353,5923,77956,0.0706136220031235,0.999841412660059,3.13800564440263,82808.4340118493
"S138","S138","Ogura","2017-07-05","9:34",6,"P10","CN","sample",50,30,6.9,0.17,0.09,26.5,"High","rain",25646,0.829720034313343,924,20355,0.0434230931904695,0.97506870795295,0.0106437735849057,6374618.87541646,20561,0.548611448859491,2150,9130,0.190602836879433,0.989906735901506,2.79641509433962,10882.9813552841,88002,0.977455057839595,1914,84104,0.0222511567346369,0.902758366952327,21.018651026393,8002.79712474329,42016,0.974485910129474,1920,39024,0.0468933177022274,0.996152200749756,1.00252116650988,129752.871406052
"S139","S139","Ogura","2017-07-12","9:29",7,"P10","CN","sample",50,30,7,0.21,0.1,31.2,"Med","cloudy",37206,0.795731871203569,1741,27865,0.0588056475038843,0.974872738791432,0.0203962264150943,4553946.96268893,31378,0.37424310026133,3218,8525,0.274035595674019,0.99373833993085,4.34301886792453,6543.06774408434,68374,0.969842337730716,2608,63704,0.0393292315116419,0.93304519388023,28.0483284457478,4542.44538124396,67241,0.979670141729005,1875,63999,0.0284634301848984,0.996018870754029,1.01608654750706,209952.587723359
"S140","S140","Ogura","2017-07-19","9:31",8,"P10","CN","sample",50,30,6.9,0.23,0.11,29.6,"Low (1 cm)","sunny",23340,0.811268209083119,289,18646,0.0152627409559018,0.971619846521919,0.00332830188679245,18674187.4527584,139458,0.749774125543174,2211,102351,0.0211453491708269,0.994609391432496,2.83990566037736,120134.272331662,28238,0.968977972944259,453,26909,0.016555807324026,0.963213756767764,4.65454545454546,11562.4609375,88173,0.972656028489447,623,85139,0.00726428954548635,0.986234222301508,0.319002822201317,889636.852452593
"S141","S141","Ogura","2017-08-09","9:00",11,"P10","CN","sample",50,30,7.28,0.08,0.04,25.8,"NoInfo","Sampling = Shiojiri-san",30721,0.802382734937014,2336,22314,0.0947667342799189,0.945441769305406,0.0284475471698113,2614636.66993873,27946,0.714628211550848,2160,17811,0.10815682739973,0.963940055475446,2.62264150943396,22637.4820143884,56817,0.920059137230054,1006,51269,0.0192443806791009,0.894011497249262,10.6275659824047,9648.30518763788,112560,0.959497157071784,2553,105448,0.0236386700123147,0.999283472258127,1.32413922859831,265450.434321335
"S142","S142","Ogura","2017-08-16","8:30",12,"P10","CN","sample",50,30,7.26,0.15,0.08,25.1,"NoInfo","Sampling = Sugiyama-san",27098,0.796627057347406,1320,20267,0.0611479130958447,0.963445443104556,0.0156249056603774,4323652.77173989,48550,0.709824922760041,2261,32201,0.0656084963147815,0.857998179720704,2.78556603773585,38533.1617389735,62412,0.952300839582132,1673,57762,0.0281483974089341,0.932125473794653,18.1855718475073,6352.50851437128,84080,0.968208848715509,8174,73233,0.100409055732308,0.997299772978234,4.39087488240828,55594.8430637391
"S143","S143","Ogura","2017-08-23","9:30",13,"P10","CN","sample",100,30,7.38,0.17,0.08,28.8,"Med","sunny/cloudy",20248,0.734986171473726,1200,13682,0.0806343233436366,0.971700389204685,0.0140430188679245,3247639.77714476,34301,0.711845135710329,3030,21387,0.124093869025679,0.990928693979508,3.81405660377359,18691.3848969798,50025,0.967456271864068,1371,47026,0.028328202161291,0.924329655809179,14.8204105571847,3173.05649654904,50336,0.961598061029879,8384,40019,0.173212404189823,0.999466863703437,4.48773283160865,29724.7344421008
